archivo,pendiente,error_pendiente
IvsV_Vbias_1mV_I_Vg0_Icompl_5mA_110925,3817.4070517784608,6.004608151141337
IvsV_Vbias_1mV_I_Vg0_Icompl_5mA_After_Heating_110925-2,644.5967341807512,1.4129797750539792
IvsV_Vbias_1mV_I_Vg0_Icompl_5mA_After_Heating_110925_Var_Isd,0.0015489448006551873,3.5422076959726757e-06
IvsV_Vbias_1mV_I_Vg0_Icompl_5mA_After_Heating_110925_Var_IsdSA2_5uA,0.0015578901598452199,7.012115482402627e-07
IvsV_Vbias_1mV_I_Vg0_Icompl_5mA_Before_Heating_110925,3817.4070517784608,6.004608151141337
